problem_num,persona,mi_median,mi_mean,mi_std,mi_min,mi_max,mi_range
1,senior,74.15924511919414,73.73247856711396,1.4769087700992436,71.74059578216081,75.13465790475091,3.3940621225900998
1,vibecoder,52.07992210812791,52.034010045265106,1.5604892197701377,49.76006859179406,54.17021531014774,4.41014671835368
2,senior,73.74177259762239,73.12329757170576,2.3319095103819243,69.8205196098953,75.82204645010184,6.001526840206537
2,vibecoder,64.84542575228255,64.84542575228255,0.0,64.84542575228255,64.84542575228255,0.0
3,senior,72.36611475016538,72.3386797900597,0.55791249195691,71.70966995547019,72.90840839539794,1.1987384399277516
3,vibecoder,57.34779657305409,57.34779657305409,0.0,57.34779657305409,57.34779657305409,0.0
4,senior,68.61405763994664,69.75741696912462,2.3982277980090343,67.27507521098207,72.32948392692013,5.054408715938067
4,vibecoder,57.70138164061031,57.03451072316402,2.3302685068355498,53.553915448388686,59.898487400767905,6.344571952379219
6,senior,70.4262049719411,71.55013182299041,3.7309710563490386,67.86492650460357,77.40251718043038,9.537590675826806
6,vibecoder,64.87103433093603,61.20924397719662,5.014112943994736,55.71655844658751,64.87103433093603,9.154475884348514
7,senior,76.58103414735879,76.43292718678552,0.21507286131871114,76.10950519244561,76.58103414735879,0.4715289549131825
7,vibecoder,53.410452203420036,53.789595542662816,0.6224561594970477,53.410452203420036,54.84394629171299,1.433494088292953
8,senior,69.68434476503035,70.03005625042253,2.1964384452709695,67.38184158297403,73.2019292996829,5.820087716708869
8,vibecoder,50.074521596854815,50.118939752948435,0.44383397012921805,49.58254320429388,50.58747823000214,1.0049350257082637
9,senior,68.46218491926115,67.97068174327468,0.86494272769673,66.56021770539687,68.62721353445193,2.0669958290550596
9,vibecoder,41.89151155885498,42.02115799352672,2.786780542144016,38.69206574782064,44.84941860632252,6.157352858501881
11,senior,77.1658423159238,77.27817378144431,1.284811446484299,76.01515634769845,78.64754712086368,2.632390773165227
11,vibecoder,58.454446720708916,57.934210415845925,6.374711383053178,51.43969074303161,64.4719589818434,13.032268238811788
12,senior,74.73815159967694,73.2907695239824,2.9771520208590228,68.40254909509626,75.61942031517607,7.21687122007981
12,vibecoder,68.32899419065265,68.32899419065265,0.0,68.32899419065265,68.32899419065265,0.0
13,senior,70.21870713678757,70.26295168626558,1.4555653304225582,68.81867610729243,71.7397157730031,2.9210396657106656
13,vibecoder,58.615069174434346,58.60806469812185,0.015662485181526898,58.58004679287187,58.615069174434346,0.03502238156247728
14,senior,74.06375120503036,73.70359158465537,1.0831725367668368,72.46230812180137,75.13819774746156,2.67588962566019
14,vibecoder,65.3960063013103,64.37538875177925,1.4802073812735697,62.15467833146915,65.3960063013103,3.2413279698411444
15,senior,80.69708806209469,80.54624763115933,1.6135409044202789,78.4402707625053,82.70285527695908,4.262584514453778
15,vibecoder,67.84926407934918,67.84926407934918,0.0,67.84926407934918,67.84926407934918,0.0
16,senior,77.50509933835185,79.76375489242885,5.531699192259568,76.30312445435948,89.46981026386277,13.166685809503292
16,vibecoder,66.3130547934018,63.85103309848334,3.371262048434864,60.15800055610564,66.3130547934018,6.155054237296163
17,senior,78.23505226373481,78.1344069545945,1.0170030494433837,77.08478660693578,79.44676530585251,2.3619786989167295
17,vibecoder,54.47069669580682,54.47069669580682,0.0,54.47069669580682,54.47069669580682,0.0
18,senior,69.69011812100044,70.06793697121451,1.1951282402590282,68.57237975765722,71.62589483333652,3.0535150756793
18,vibecoder,59.36079446409411,59.36079446409411,0.0,59.36079446409411,59.36079446409411,0.0
19,senior,79.25149249317205,77.49250126160366,4.9052459201760215,71.9502648361907,81.90657923606484,9.956314399874145
19,vibecoder,60.72014007072348,59.72813449360743,1.3603994167769096,58.13480921346168,60.72014007072348,2.585330857261802
20,senior,70.18700662789514,69.56588275709125,3.011328397972402,65.79900041029074,72.42519183845683,6.626191428166081
20,vibecoder,59.7082322394727,59.925670961796,3.4529904385989663,55.852059853884285,65.06910091482634,9.217041060942051
21,senior,92.36936818298808,92.81142860935228,1.1706014747119986,91.56351795169273,94.48171131650149,2.918193364808758
21,vibecoder,71.02644526504824,71.02644526504824,0.0,71.02644526504824,71.02644526504824,0.0
22,senior,73.7588424080326,74.25750170607353,3.2734537222596436,69.78975519495451,77.46463295216611,7.674877757211604
22,vibecoder,57.01098107174762,57.01098107174762,0.0,57.01098107174762,57.01098107174762,0.0
23,senior,72.50327909322822,74.31684779146019,3.409392749153382,71.63949599012851,80.00644023159401,8.366944241465504
23,vibecoder,58.30439312175759,58.38579268950112,0.18201496681363247,58.30439312175759,58.71139096047524,0.4069978387176505
24,senior,77.0519507039097,76.92982134036333,1.2129248356174587,75.54346814612227,78.60290062950963,3.0594324833873685
24,vibecoder,62.57630962564327,62.57630962564327,0.0,62.57630962564327,62.57630962564327,0.0
25,senior,74.32846667050312,75.16467943699648,1.9571434122571056,73.0079073362557,77.6752372000643,4.667329863808604
25,vibecoder,58.66549408956179,58.66549408956179,0.0,58.66549408956179,58.66549408956179,0.0
26,senior,72.67025325565167,72.60227031352386,0.8530522782490935,71.22706561167416,73.5549108995265,2.327845287852341
26,vibecoder,54.69202159302329,53.9048821982263,2.4893291359108987,51.15431607583331,56.157107281412756,5.002791205579449
27,senior,77.50249412735992,77.23615886673458,1.094462597657866,75.67346648802362,78.20342134117053,2.5299548531469043
27,vibecoder,62.12286813255181,62.12286813255181,0.0,62.12286813255181,62.12286813255181,0.0
28,senior,79.78171140349637,79.46678996901066,1.115426398730176,78.04895618979347,80.51554049130296,2.466584301509485
28,vibecoder,57.8495941025872,57.32744131734831,1.1675691224350073,55.238830176392746,57.8495941025872,2.6107639261944513
29,senior,73.84754746608927,73.10985667530045,2.0289948887980884,70.51813562488508,75.02207620549704,4.5039405806119674
29,vibecoder,56.933587201660046,56.80050121032093,0.2975893234872129,56.26815724496446,56.933587201660046,0.6654299566955828
31,senior,79.08242209809758,78.12291292735641,3.880246010933803,71.57655089758987,81.41819186907614,9.841640971486271
31,vibecoder,63.567856409259434,64.13857671328482,1.0125119765667616,63.357214476109085,65.57822881621128,2.221014340102194
32,senior,73.68070551909561,73.651370604019,0.06312088206568978,73.57591785960618,73.72449983521057,0.14858197560438668
32,vibecoder,50.56660001587973,50.56660001587973,0.0,50.56660001587973,50.56660001587973,0.0
33,senior,81.55875097502417,81.081098388398,4.682048720893213,75.68106542867812,86.9227534574027,11.241688028724582
33,vibecoder,76.42020806643173,80.43346071141352,11.043329294812752,72.9066793577724,100.0,27.093320642227596
34,senior,70.759403609618,74.20678632336292,6.375197919518851,69.99885767017213,85.18835700514633,15.189499334974201
34,vibecoder,68.40472779451608,68.40472779451608,0.0,68.40472779451608,68.40472779451608,0.0
35,senior,83.94413871774564,78.91401049386535,9.093522521538086,66.88726410489018,86.53724937208364,19.649985267193458
35,vibecoder,63.07418281802773,63.07418281802773,0.0,63.07418281802773,63.07418281802773,0.0
36,senior,76.77698362278355,75.62503876793288,4.356827051125513,68.6548726782502,80.3529079300494,11.698035251799197
36,vibecoder,67.69291899960024,67.50706909252789,0.441400963063764,66.717734318746,67.71588657234646,0.9981522536004661
37,senior,66.8861259821988,67.88128144260195,1.7684924028897477,66.50989579050231,70.37172759361431,3.861831803111997
37,vibecoder,52.390250138366476,52.449862980143514,0.08162824539567617,52.390250138366476,52.53928224280907,0.14903210444259685
38,senior,69.73935942666391,72.4163111765547,6.897482042024457,65.17511161505344,82.01846560151589,16.843353986462446
38,vibecoder,58.9673903215326,58.9673903215326,0.0,58.9673903215326,58.9673903215326,0.0
39,senior,75.43602044252121,75.18598598141745,0.42948556406338523,74.46774294665873,75.46216237142457,0.9944194247658373
39,vibecoder,48.77431810596927,49.705563007692426,1.3194023819246243,48.7517124005865,51.533934838983754,2.7822224383972554
40,senior,72.75183116637066,74.20666615176643,6.054790928295933,67.61088524444408,81.37405422761461,13.76316898317053
40,vibecoder,60.73142266662493,60.425127760496885,0.5239076842773933,59.61621457191907,60.803044448760325,1.1868298768412515
41,senior,86.94509035212488,87.42966289580384,1.3441505837215286,86.02938886973342,89.61174431172437,3.5823554419909414
41,vibecoder,77.51969689232453,74.48107548887157,4.160803715972995,69.9231433836921,77.51969689232453,7.596553508632425
42,senior,84.65193437606342,82.1951849467789,3.7017885773132906,77.7197897030906,85.00464764362539,7.284857940534792
42,vibecoder,61.701684234881185,61.701684234881185,0.0,61.701684234881185,61.701684234881185,0.0
43,senior,85.12192057478195,84.75556769916383,0.8494023452353083,83.85746873364798,85.71166547635185,1.854196742703877
43,vibecoder,60.69601225201207,61.843729322632534,1.9493516667658615,60.60939713975938,65.15976973742103,4.550372597661649
44,senior,82.22177659354182,82.35236989367363,1.7706297593267513,79.92865244055663,84.72931595682324,4.80066351626661
44,vibecoder,67.71147672459561,67.71147672459561,0.0,67.71147672459561,67.71147672459561,0.0
45,senior,91.91411852538893,90.59974738785914,2.2605517029784745,86.77372878656746,92.10118104135631,5.327452254788852
45,vibecoder,67.69291899960024,67.25155558510228,0.9869185975988604,65.48610192711043,67.69291899960024,2.2068170724898124
46,senior,75.69765335075331,75.0043233430334,1.9160910409826328,72.50492494888714,77.11026904513662,4.605344096249482
46,vibecoder,57.68066771375906,57.68066771375906,0.0,57.68066771375906,57.68066771375906,0.0
47,senior,61.66067220274925,62.20526374973688,1.9956005202853586,59.87826740041626,65.16468481039196,5.286417409975698
47,vibecoder,56.966057979919874,56.4033871896186,1.258170136067185,54.15270402841349,56.966057979919874,2.813353951506386
48,senior,74.14521760766407,74.25714658556952,0.5531611912320644,73.44883769650343,74.82264185238456,1.3738041558811318
48,vibecoder,58.87040117431861,59.882109210284725,2.262247941803034,58.87040117431861,63.92894135414918,5.0585401798305725
49,senior,66.74209063973946,67.40801623108513,1.4152332109494317,66.32834477351987,69.82419688528478,3.495852111764904
49,vibecoder,50.38751705336478,50.51923892995448,0.42194156647649234,50.17737348675946,51.256270002918626,1.078896516159169
50,senior,70.87787624627089,70.84197968955706,0.31384441303339256,70.4062261481052,71.27756572655116,0.871339578445955
50,vibecoder,50.870820286945865,50.424562707573536,1.9321850816881898,47.234175510524494,51.93793567562268,4.703760165098188
